name,iata,icao,flight_area_class,type,city,opened,lat,lon,source_name
长海大长山岛机场,CNI,ZYCH,1B,民用,长海县,2008-02-02,39.266441,122.66696,Changhai Dachangshandao Airport
额济纳旗桃来机场,EJN,ZBEN,3C,民用,额济纳旗,2013-12-17,42.0155,101.0005,Ejin Banner Taolai Airport
阿拉善右旗巴丹吉林机场,RHT,ZBAR,3C,民用,阿拉善右旗,2013-12-17,39.225,101.546,Alxa Right Banner Badanjilin Airport
天水麦积山机场,THQ,ZLTS,3C,军民合用,天水市,2008-09-28,34.5601,105.860343,Tianshui Maijishan Airport
阿勒泰雪都机场,AAT,ZWAT,4C,民用,阿勒泰市,1956-10-12,47.749886,88.085808,Altay Xuedu Airport
阿拉尔塔里木机场,ACF,ZWAL,4C,民用,阿拉尔市,2022-06-16,40.434748,81.26206,Aral Tarim Airport
兴义万峰林机场,ACX,ZUYI,4C,民用,兴义市,2004-07-18,25.083423,104.960804,Xingyi Wanfenglin Airport
百色巴马机场,AEB,ZGBS,4C,军民合用,百色市 巴马瑶族自治县,2007-02-04,23.7206,106.959999,Baise (Bose) Bama Airport
阿坝红原机场,AHJ,ZUHY,4C,民用,马尔康市,2014-08-28,32.53154,102.35224,Hongyuan Airport
安康富强机场,AKA,ZLAK,4C,军民合用,安康市,2020-09-25,32.75696,108.87338,Ankang Fuqiang Airport
鞍山腾鳌机场,AOG,ZYAS,4C,军民合用,鞍山市,2010-04-01,41.105301,122.853996,Anshan Teng'ao Airport / Anshan Air Base
阿里普兰机场,APJ,ZUPL,4C,民用,普兰县,2023-12-27,30.397898,81.13317,Ali Pulan Airport
安庆天柱山机场,AQG,ZSAQ,4C,军民合用,安庆市,1993-12-22,30.582199,117.050003,Anqing Tianzhushan Airport / Anqing North Air Base
安顺黄果树机场,AVA,ZUAS,4C,民用,安顺市,2004-09-28,26.260556,105.873333,Anshun Huangguoshu Airport
阿拉善左旗巴彦浩特机场,AXF,ZBAL,4C,民用,阿拉善左旗,2013-12-17,38.748317,105.58416,Alxa Left Banner Bayanhot Airport
琼海博鳌国际机场,BAR,ZJQH,4C,民用,琼海市,2016-03-17,19.140951,110.452766,Qionghai Bo'ao Airport
包头东河国际机场,BAV,ZBOW,4C,民用,包头市,1957-01-01,40.560001,109.997002,Baotou Donghe International Airport
毕节飞雄机场,BFJ,ZUBJ,4C,民用,毕节市,2013-06-16,27.267066,105.472097,Bijie Feixiong Airport
蚌埠滕湖机场,BFY,ZSBA,4C,民用,蚌埠市,2026-04-29,33.166292,117.058344,Bengbu Tenghu Airport
秦皇岛北戴河机场,BPE,ZBDH,4C,民用,秦皇岛市,2016-03-31,39.666384,119.061384,Qinhuangdao Beidaihe Airport
博乐阿拉山口机场,BPL,ZWBL,4C,民用,博乐市,2010-07-10,44.895461,82.30007,Bole Alashankou Airport
昌都邦达机场,BPX,ZUBD,4C,军民合用,昌都市,1995-04-28,30.553600311279297,97.1082992553711,Qamdo Bangda Airport
保山云瑞机场,BSD,ZPBS,4C,民用,保山市,1958-04-01,25.053301,99.168297,Baoshan Yunrui Airport
亳州机场,BZJ,ZSBO,4C,民用,亳州市,2025-11-12,33.560777,115.911859,Bozhou Airport (under construction)
巴中恩阳机场,BZX,ZUBZ,4C,民用,巴中市,2019-02-03,31.73842,106.644872,Bazhong Enyang Airport
承德普宁机场,CDE,ZBCD,4C,民用,承德市,2017-05-31,41.1225,118.073889,Chengde Puning Airport
朝阳机场,CHG,ZYCY,4C,民用,朝阳市,2008-04-01,41.538101,120.434998,Chaoyang Airport
赤峰玉龙机场,CIF,ZBCF,4C,军民合用,赤峰市,2008-03-20,42.159723,118.840971,Chifeng Yulong Airport
长治王村机场,CIH,ZBCZ,4C,军民合用,长治市,2003-09-08,36.247501,113.125999,Changzhi Wangcun Airport
重庆仙女山机场,CQW,ZUWL,4C,民用,武隆区,2020-12-18,29.465658,107.693664,Chongqing Xiannüshan Airport
沧源佤山机场,CWJ,ZPCW,4C,民用,沧源佤族自治县,2016-12-08,23.276331,99.373169,Cangyuan Washan Airport
大同云冈国际机场,DAT,ZBDT,4C,民用,大同市,2005-12-25,40.06139,113.480509,Datong Yungang International Airport
白城长安机场,DBC,ZYBA,4C,民用,白城市,2017-03-31,45.505278,123.019722,Baicheng Chang'an Airport
稻城亚丁机场,DCY,ZUDC,4C,民用,稻城县,2013-09-16,29.31632,100.060317,Daocheng Yading Airport
丹东浪头机场,DDG,ZYDD,4C,军民合用,丹东市,1985-12-21,40.025453,124.28669,Dandong Langtou International Airport
日喀则定日机场,DDR,ZUDR,4C,民用,定日县,2022-12-24,28.604567,86.798,Shigatse Tingri Airport
铜仁德江机场,DEJ,ZUDJ,4C,民用,德江县,2026-05-18,28.121,108.1631,Tongren Dejiang Airport (Under Construction)
巴里坤大河机场,DHH,ZWLK,4C,民用,巴里坤哈萨克自治县,2025-07-11,43.756544,93.137164,Barkol Dahe Airport
大理凤仪机场,DLU,ZPDL,4C,民用,大理市,1995-11-28,25.649401,100.319,Dali Fengyi Airport
大庆萨尔图机场,DQA,ZYDQ,4C,民用,大庆市,2009-09-01,46.750883,125.138642,Daqing Sartu Airport
五大连池德都机场,DTU,ZYDU,4C,民用,五大连池市,2017-11-22,48.441037,126.128374,Wudalianchi Dedu Airport
湘西边城机场,DXJ,ZGXX,4C,民用,吉首市,2023-08-18,28.4972,109.5218,Xiangxi Biancheng Airport
达州金垭机场,DZH,ZUDA,4C,民用,达州市,2022-05-19,31.048815,107.435646,Dazhou Jinya Airport
恩施许家坪国际机场,ENH,ZHES,4C,民用,恩施市,1993-11-30,30.320299,109.485001,Enshi Xujiaping Airport
延安南泥湾机场,ENY,ZLYA,4C,军民合用,延安市,2018-11-08,36.479413,109.464083,Yan'an Nanniwan Airport
二连浩特赛乌素国际机场,ERL,ZBER,4C,民用,二连浩特市,2010-02-11,43.424079,112.091081,Erenhot Saiwusu International Airport
阜阳机场,FUG,ZSFY,4C,民用,阜阳市,1998-12-26,32.882157,115.734364,Fuyang Xiguan Airport
佛山沙堤机场,FUO,ZGFS,4C,军民合用,佛山市,2009-11-18,23.0825,113.070833,Foshan Shadi Airport
抚远东极机场,FYJ,ZYFY,4C,民用,抚远市,2014-05-26,48.197219,134.36298,Fuyuan Dongji Airport
富蕴可可托海机场,FYN,ZWFY,4C,军民合用,富蕴县,2015-08-01,46.804169,89.512006,Fuyun Koktokay Airport
果洛玛沁机场,GMQ,ZLGL,4C,民用,玛沁县,2016-07-01,34.418066,100.301144,Golog Maqên Airport
甘南夏河机场,GXH,ZLXH,4C,民用,合作市,2013-08-19,34.819014,102.622261,Gannan Xiahe Airport
广元盘龙机场,GYS,ZUGU,4C,民用,广元市,2009-05-08,32.390254,105.694571,Guangyuan Panlong Airport
固原六盘山机场,GYU,ZLGY,4C,民用,固原市,2010-06-26,36.078889,106.216944,Guyuan Liupanshan Airport
甘孜格萨尔机场,GZG,ZUGZ,4C,民用,甘孜县,2019-09-16,31.7575,99.554167,Garze Gesar Airport
海北祁连机场,HBQ,ZLHB,4C,民用,祁连县,2018-08-28,38.008068,100.645065,Haibei Qilian Airport
河池金城江机场,HCJ,ZGHC,4C,民用,河池市,2014-08-28,24.804344,107.710819,Hechi Jinchengjiang Airport
郴州北湖机场,HCZ,ZGCZ,4C,民用,郴州市,2021-09-16,25.753419,112.845404,Chenzhou Beihu Airport
邯郸机场,HDG,ZBHD,4C,民用,邯郸市,2007-08-08,36.524824,114.424126,Handan Airport
黑河瑷珲机场,HEK,ZYHE,4C,民用,黑河市,2001-09-30,50.171621,127.308884,Heihe Aihui Airport
和静巴音布鲁克机场,HJB,ZWHJ,4C,民用,巴音布鲁克镇,2024-08-20,42.976395,83.995543,Hejing Bayinbuluke Airport
怀化芷江机场,HJJ,ZGCJ,4C,军民合用,怀化市,2005-12-19,27.443087,109.704666,Huaihua Zhijiang Airport
乌兰浩特义勒力特机场,HLH,ZBUL,4C,民用,乌兰浩特市,1995-04-05,46.195333,122.008333,Ulanhot Yilelite Airport
哈密伊州机场,HMI,ZWHM,4C,军民合用,哈密市,2008-12-16,42.8414,93.669197,Hami Airport
衡阳南岳机场,HNY,ZGHY,4C,民用,衡阳市,2014-12-23,26.72208,112.617958,Hengyang Nanyue Airport
神农架红坪机场,HPG,ZHSN,4C,民用,神农架林区,2014-05-08,31.626,110.34,Shennongjia Hongping Airport
塔什库尔干红其拉甫机场,HQL,ZWTK,4C,军民合用,塔什库尔干塔吉克自治县,2022-12-23,37.661333,75.288877,Tashikuergan Hongqilafu Airport
安阳红旗渠机场,HQQ,ZHQQ,4C,民用,安阳市,2023-11-29,35.870833,114.461944,Anyang Hongqiqu Airport
韶关丹霞机场,HSC,ZGSG,4C,军民合用,韶关市,2021-11-27,24.9786,113.420998,Shaoguan Danxia Airport
绥芬河东宁机场,HSF,ZYSD,4C,民用,绥芬河市 东宁市,2024-12-28,44.453889,130.843889,Suifenhe Dongning Airport
海西茫崖机场,HTT,ZLHX,4C,民用,茫崖市,2015-06-26,38.201645,90.837843,Huatugou Airport
霍林郭勒霍林河机场,HUO,ZBHZ,4C,民用,霍林郭勒市,2017-06-02,45.487222,119.407222,Holingol Huolinhe Airport
惠州平潭机场,HUZ,ZGHZ,4C,军民合用,惠州市,2015-02-05,23.049999,114.599998,Huizhou Pingtan Airport
海西德令哈机场,HXD,ZLDL,4C,民用,德令哈市,2014-06-16,37.125286,97.268658,Haixi Delingha Airport
台州路桥机场,HYN,ZSLQ,4C,军民合用,台州市,1987-12-02,28.562201,121.429001,Taizhou Luqiao Airport
菏泽牡丹机场,HZA,ZSHZ,4C,民用,菏泽市,2021-04-02,35.212972,115.736748,Heze Mudan Airport
汉中城固机场,HZG,ZLHZ,4C,军民合用,汉中市,2014-08-13,33.133527,107.203817,Hanzhong Chenggu Airport
黔东南黎平机场,HZH,ZUNP,4C,民用,黎平县,2005-11-06,26.32217,109.1499,Liping Airport
且末玉都机场,IQM,ZWCM,4C,军民合用,且末县,2016-12-19,38.234516,85.465462,Qiemo Yudu Airport
庆阳机场,IQN,ZLQY,4C,民用,庆阳市,2005-12-26,35.802638,107.598896,Qingyang Xifeng Airport
奇台江布拉克机场,JBK,ZWQT,4C,民用,奇台县,2024-08-08,44.166086,89.55014,Qitai Jiangbulake Airport
景德镇罗家机场,JDZ,ZSJD,4C,民用,景德镇市,1996-09-10,29.3386,117.176003,Jingdezhen Luojia Airport
大兴安岭鄂伦春机场,JGD,ZYJD,4C,民用,加格达奇区 鄂伦春自治旗,2012-06-18,50.371389,124.1175,Daxing'anling Elunchun Airport
吉安井冈山机场,JGS,ZSGS,4C,军民合用,吉安市,2004-05-18,26.856899,114.737,Jinggangshan Airport
金昌金川机场,JIC,ZLJC,4C,民用,金昌市,2011-08-29,38.542222,102.348333,Jinchang Jinchuan Airport
黔江武陵山机场,JIQ,ZUQJ,4C,民用,黔江区,2010-11-22,29.5133333333,108.831111111,Qianjiang Wulingshan Airport
九江庐山机场,JIU,ZSJJ,4C,军民合用,九江市,2021-10-31,29.476944,115.801111,Jiujiang Lushan Airport
澜沧景迈机场,JMJ,ZPJM,4C,民用,澜沧拉祜族自治县,2017-05-26,22.417733,99.784012,Lancang Jingmai Airport
佳木斯松江国际机场,JMU,ZYJM,4C,军民合用,佳木斯市,1966-09-12,46.842793,130.46426,Jiamusi Songjiang International Airport
济宁大安机场,JNG,ZSJG,4C,民用,济宁市,2023-12-28,35.647358,116.743269,Jining Da'an Airport
锦州锦州湾机场,JNZ,ZYJZ,4C,民用,锦州市,2015-12-10,40.936032,121.277114,Jinzhou Bay Airport
赣州瑞金机场,JRJ,ZSRJ,4C,民用,瑞金市,2025-09-28,25.960236,116.077016,Ganzhou Ruijin Airport
建三江湿地机场,JSJ,ZYJS,4C,民用,建三江管委会,2017-10-29,47.108248,132.65792,Jiansanjiang Shidi Airport
池州九华山机场,JUH,ZSJH,4C,民用,池州市,2013-07-29,30.7403,117.6856,Chizhou Jiuhuashan Airport
衢州机场,JUZ,ZSJU,4C,军民合用,衢州市,1993-11-26,28.96613,118.898793,Quzhou Airport
鸡西兴凯湖机场,JXA,ZYJX,4C,民用,鸡西市,2009-10-16,45.293,131.193,Jixi Xingkaihu Airport
库车龟兹机场,KCA,ZWKC,4C,民用,库车市,2011-09-07,41.677856,82.872917,Kuqa Qiuci Airport
甘孜康定机场,KGT,ZUKD,4C,民用,康定市,2008-10-22,30.142464,101.73872,Kangding Airport
凯里黄平机场,KJH,ZUKJ,4C,民用,凯里市,2013-10-02,26.972,107.988,Kaili Huangping Airport
布尔津喀纳斯机场,KJI,ZWKN,4C,民用,布尔津县,2007-08-15,48.2223,86.9959,Burqin Kanas Airport
赣州黄金机场,KOW,ZSGZ,4C,民用,赣州市,2008-03-26,25.853333,114.778889,Ganzhou Huangjin Airport
连城冠豸山机场,LCX,ZSLO,4C,军民合用,龙岩市,2004-04-25,25.67592,116.745907,Liancheng Guanzhishan Airport
伊春林都机场,LDS,ZYLD,4C,民用,伊春市,2009-08-27,47.752056,129.019125,Yichun Lindu Airport
临汾尧都机场,LFQ,ZBLF,4C,民用,临汾市,2016-01-25,36.132629,111.641236,Linfen Yaodu Airport
山南隆子机场,LGZ,ZUSH,4C,民用,隆子县,2022-12-23,28.422422,92.348082,Shannan Longzi Airport
丽水机场,LIJ,ZSLI,4C,民用,丽水市,2025-07-18,28.3727,119.839,Lishui Airport
黔南荔波机场,LLB,ZULB,4C,民用,荔波县,2007-11-07,25.4525,107.961667,Libo Airport
永州零陵机场,LLF,ZGLG,4C,军民合用,永州市,2001-04-30,26.338661,111.610043,Yongzhou Lingling Airport
吕梁大武机场,LLV,ZBLL,4C,民用,吕梁市,2014-01-26,37.683333,111.142778,Lüliang Dawu Airport
临沧博尚机场,LNJ,ZPLC,4C,民用,临沧市,2001-03-25,23.7381,100.025002,Lincang Boshang Airport
陇南成县机场,LNL,ZLLN,4C,民用,陇南市,2018-03-25,33.789918,105.790014,Longnan Chengzhou Airport
六盘水月照机场,LPF,ZUPS,4C,民用,六盘水市,2014-11-28,26.609417,104.979,Liupanshui Yuezhao Airport
巴音郭楞轮台机场,LTJ,ZWLT,4C,民用,轮台县,2026-06-12,41.59417,84.2925,Bayinguoleng Luntai Airport
德宏芒市国际机场,LUM,ZPMS,4C,民用,芒市,1990-04-10,24.4011,98.5317,Dehong Mangshi International Airport
阆中古城机场,LZG,ZULA,4C,民用,阆中市,2023-12-17,31.50191,106.034417,Langzhong Gucheng Airport
柳州白莲机场,LZH,ZGZH,4C,军民合用,柳州市,1994-12-28,24.2075,109.390999,Liuzhou Bailian Airport / Bailian Air Base
泸州云龙机场,LZO,ZULZ,4C,军民合用,泸州市,2018-09-10,29.030357,105.468407,Luzhou Yunlong Airport
牡丹江海浪国际机场,MDG,ZYMD,4C,军民合用,牡丹江市,1985-09-02,44.525172,129.568634,Mudanjiang Hailang International Airport
梅州梅县机场,MXZ,ZGMX,4C,民用,梅州市,1987-09-01,24.263425,116.097857,Meizhou Meixian Changgangji International Airport
南充高坪机场,NAO,ZUNC,4C,军民合用,南充市,2004-08-14,30.798104,106.16415,Nanchong Gaoping Airport
齐齐哈尔三家子机场,NDG,ZYQQ,4C,军民合用,齐齐哈尔市,1988-05-16,47.229969,123.914179,Qiqihar Sanjiazi Airport
宁蒗泸沽湖机场,NLH,ZPNL,4C,民用,宁蒗彝族自治县,2015-10-12,27.5403,100.7593,Ninglang Luguhu Airport
新源那拉提机场,NLT,ZWNL,4C,民用,新源县,2006-07-15,43.4318,83.3786,Xinyuan Nalati Airport
扎兰屯成吉思汗机场,NZL,ZBZL,4C,民用,扎兰屯市,2016-12-28,47.865942,122.768662,Zhalantun Genghis Khan Airport
漠河古莲机场,OHE,ZYMH,4C,民用,漠河市,2008-06-18,52.916871,122.422759,Mohe Gulian Airport
攀枝花保安营机场,PZI,ZUZH,4C,民用,攀枝花市,2003-12-06,26.54,101.79852,Panzhihua Bao'anying Airport
莎车叶尔羌机场,QSZ,ZWSC,4C,民用,莎车县,2017-08-01,38.24542,77.056149,Shache Airport
日照山字河机场,RIZ,ZSRZ,4C,民用,日照市,2015-12-22,35.405033,119.324403,Rizhao Shanzihe Airport
日喀则和平机场,RKZ,ZURK,4C,军民合用,日喀则市,2011-07-08,29.350876,89.299157,Xigaze Peace Airport / Shigatse Air Base
巴彦淖尔天吉泰机场,RLK,ZBYZ,4C,民用,巴彦淖尔市,2011-12-30,40.926358,107.74093,Bayannur Tianjitai Airport
若羌楼兰机场,RQA,ZWRQ,4C,民用,若羌县,2018-03-29,38.974722,88.008333,Ruoqiang Loulan Airport
石河子花园机场,SHF,ZWHZ,4C,民用,石河子市,2015-12-26,44.2421,85.8905,Shihezi Huayuan Airport
荆州沙市机场,SHS,ZHJZ,4C,民用,荆州市,2021-01-30,30.29281,112.44854,Jingzhou Shashi Airport
上饶三清山机场,SQD,ZSSR,4C,民用,上饶市,2017-05-28,28.3797,117.9643,Shangrao Sanqingshan Airport
三明沙县机场,SQJ,ZSSM,4C,民用,三明市,2016-03-07,26.4263,117.8336,Sanming Shaxian Airport
普洱思茅机场,SYM,ZPSM,4C,军民合用,普洱市,1961-03-15,22.793301,100.959,Pu'er Simao Airport
朔州滋润机场,SZH,ZBSG,4C,民用,朔州市,2023-12-18,39.273241,112.691552,Shuozhou Zirun Airport
塔城千泉机场,TCG,ZWTC,4C,民用,塔城市,1995-09-28,46.672501,83.340797,Tacheng Qianquan Airport
腾冲驼峰机场,TCZ,ZPTC,4C,民用,腾冲市,2009-01-23,24.938056,98.485833,Tengchong Tuofeng Airport
铜仁凤凰机场,TEN,ZUTR,4C,民用,铜仁市 凤凰县,2001-07-07,27.883333,109.308889,Tongren Fenghuang Airport
通辽机场,TGO,ZBTL,4C,民用,通辽市,1959-01-01,43.556702,122.199997,Tongliao Airport
通化三源浦机场,TNH,ZYTN,4C,军民合用,通化市,2014-06-18,42.048435,125.733963,Tonghua Sanyuanpu Airport
唐山三女河机场,TVS,ZBSN,4C,军民合用,唐山市,2010-07-13,39.7178,118.002625,Tangshan Sannühe Airport
图木舒克唐王城机场,TWC,ZWTS,4C,民用,图木舒克市,2018-12-26,39.886663,79.233408,Tumxuk Tangwangcheng Airport
乌兰察布集宁机场,UCB,ZBUC,4C,民用,乌兰察布市,2016-04-25,41.130266,113.107274,Ulanqab Jining Airport
十堰武当山机场,WDS,ZHSY,4C,民用,十堰市,2016-02-05,32.592889,110.906296,Shiyan Wudangshan Airport
邵阳武冈机场,WGN,ZGSY,4C,民用,武冈市,2017-06-28,26.806123,110.641042,Shaoyang Wugang Airport
芜湖宣州机场,WHA,ZSWA,4C,民用,芜湖市 宣城市,2021-04-30,31.1045,118.66687,Wuhu Xuanzhou Airport
遵义茅台机场,WMT,ZUMT,4C,民用,仁怀市,2017-10-31,27.961837,106.435416,Zunyi Maotai Airport
文山砚山机场,WNH,ZPWS,4C,民用,文山市,2006-08-30,23.5583,104.3255,Wenshan Puzhehei Airport
重庆巫山机场,WSK,ZUWS,4C,民用,巫山县,2019-08-16,31.06896,109.708958,Chongqing Wushan Airport
乌海机场,WUA,ZBUH,4C,民用,乌海市,2003-12-12,39.7934,106.7993,Wuhai Airport
武夷山机场,WUS,ZSWY,4C,军民合用,武夷山市,1994-01-15,27.7019,118.000999,Nanping Wuyishan Airport
忻州五台山机场,WUT,ZBXZ,4C,军民合用,忻州市,2015-12-25,38.597456,112.969173,Xinzhou Wutaishan Airport
梧州西江机场,WUZ,ZGWZ,4C,民用,梧州市,2019-01-23,23.40316,111.09331,Wuzhou Xijiang Airport
万州五桥机场,WXN,ZUWX,4C,民用,万州区,2003-05-29,30.8017,108.433,Wanzhou Wuqiao Airport
信阳明港机场,XAI,ZHXY,4C,军民合用,信阳市 驻马店市,2018-10-28,32.540819,114.079141,Xinyang Minggang Airport
锡林浩特机场,XIL,ZBXH,4C,民用,锡林浩特市,1992-07-22,43.91559982299805,115.96399688720703,Xilinhot Airport
邢台褡裢机场,XNT,ZBXT,4C,军民合用,邢台市,2024-07-18,36.8831,114.4293,Xingtai Dalian Airport
三沙永兴机场,XYI,ZJYX,4C,军民合用,三沙市,2016-12-22,16.83278,112.34444,Sansha Yongxing Airport
宜宾五粮液机场,YBP,ZUYB,4C,军民合用,宜宾市,2019-12-05,28.858431,104.526157,Yibin Wuliangye Airport
宜春明月山机场,YIC,ZSYC,4C,民用,宜春市,2013-06-26,27.8025,114.3062,Yichun Mingyueshan Airport
阿尔山伊尔施机场,YIE,ZBES,4C,民用,阿尔山市,2011-08-28,47.3106,119.9117,Arxan Yi'ershi Airport
伊犁伊宁国际机场,YIN,ZWYN,4C,民用,伊宁市,1950-07-01,43.955799,81.330299,Ili Yining International Airport
营口兰旗机场,YKH,ZYYK,4C,民用,营口市,2016-02-03,40.542524,122.3586,Yingkou Lanqi Airport
玉林福绵机场,YLX,ZGYL,4C,民用,玉林市,2020-08-28,22.433042,110.119996,Yulin Fumian Airport
延吉朝阳川国际机场,YNJ,ZYYJ,4C,军民合用,延吉市,1985-08-29,42.8828010559,129.451004028,Yanji Chaoyangchuan Airport
盐城南洋国际机场,YNZ,ZSYN,4C,军民合用,盐城市,2000-03-29,33.428317,120.20545,Yancheng Nanyang International Airport
松原查干湖机场,YSQ,ZYSQ,4C,民用,松原市,2017-10-29,44.931143,124.552121,Songyuan Chaganhu Airport
于田万方机场,YTW,ZWYT,4C,军民合用,于田县,2020-12-26,36.8085,81.7827,Yutian Wanfang Airport
玉树巴塘机场,YUS,ZLYS,4C,民用,玉树市,2009-08-01,32.836389,97.036389,Yushu Batang Airport
岳阳三荷机场,YYA,ZGYY,4C,民用,岳阳市,2018-12-26,29.311699,113.281574,Yueyang Sanhe Airport
张掖甘州机场,YZY,ZLZY,4C,军民合用,张掖市,2011-11-01,38.801899,100.675003,Zhangye Ganzhou Airport
昭通机场,ZAT,ZPZT,4C,军民合用,昭通市,1993-12-20,27.327549,103.75617,Zhaotong Airport
昭苏天马机场,ZFL,ZWZS,4C,民用,昭苏县,2022-01-28,43.088477,81.223013,Zhaosu Tianma Airport
中卫沙坡头机场,ZHY,ZLZW,4C,民用,中卫市,2008-12-26,37.573125,105.154454,Zhongwei Shapotou Airport
张家口宁远机场,ZQZ,ZBZJ,4C,军民合用,张家口市,2013-06-16,40.738664,114.933395,Zhangjiakou Ningyuan Airport
遵义新舟机场,ZYI,ZUZY,4C,军民合用,遵义市,2012-08-28,27.810723,107.247189,Zunyi Xinzhou Airport
北海福成机场,BHY,ZGBH,4D,民用,北海市,1986-12-10,21.538659,109.293683,Beihai Fucheng Airport
常德桃花源机场,CGD,ZGCD,4D,民用,常德市,1965-04-15,28.9189,111.639999,Changde Taohuayuan Airport
迪庆香格里拉机场,DIG,ZPDQ,4D,民用,香格里拉市,1999-04-30,27.7936,99.6772,Diqing Shangri-La Airport
敦煌莫高国际机场,DNH,ZLDH,4D,民用,敦煌市,1982-08-31,40.161953,94.812827,Dunhuang Mogao International Airport
东营胜利机场,DOY,ZSDY,4D,民用,东营市,2001-11-28,37.50137,118.789863,Dongying Shengli Airport
张家界荷花国际机场,DYG,ZGDY,4D,民用,张家界市,1994-08-18,29.104749,110.442786,Zhangjiajie Hehua International Airport
格尔木机场,GOQ,ZLGM,4D,军民合用,格尔木市,1996-03-15,36.4006,94.786102,Golmud Airport
淮安涟水国际机场,HIA,ZSSH,4D,民用,淮安市,2010-09-26,33.792712,119.126657,Huai'an Lianshui Airport
呼伦贝尔海拉尔国际机场,HLD,ZBLA,4D,民用,呼伦贝尔市,1950-07-01,49.208616,119.822301,Hulunbuir Hailar Airport
舟山普陀山国际机场,HSN,ZSZS,4D,民用,舟山市,1997-07-28,29.933874,122.362307,Zhoushan Putuoshan International Airport
和田昆冈机场,HTN,ZWTN,4D,军民合用,和田市,1956-07-02,37.03850173950195,79.86489868164062,Hotan Airport
嘉峪关酒泉机场,JGN,ZLJQ,4D,民用,嘉峪关市 酒泉市,1953-07-01,39.859052,98.339344,Jiayuguan International Airport
西双版纳嘎洒国际机场,JHG,ZPJH,4D,民用,景洪市,1990-04-07,21.974648,100.762224,Xishuangbanna Gasa International Airport
泉州晋江国际机场,JJN,ZSQZ,4D,军民合用,泉州市,1996-12-12,24.795855,118.588599,Quanzhou Jinjiang International Airport
九寨黄龙机场,JZH,ZUJZ,4D,民用,九寨沟县,2003-09-28,32.853333,103.682222,Jiuzhai Huanglong Airport
库尔勒梨城机场,KRL,ZWKL,4D,军民合用,库尔勒市,2007-12-20,41.614979,86.140817,Korla Licheng Airport
克拉玛依古海机场,KRY,ZWKM,4D,民用,克拉玛依市,2006-04-10,45.46655,84.9527,Karamay Airport
丽江三义国际机场,LJG,ZPLJ,4D,民用,丽江市,1995-06-09,26.677483,100.244944,Lijiang Sanyi International Airport
洛阳北郊机场,LYA,ZHLY,4D,民用,洛阳市,1987-09-26,34.7411,112.388,Luoyang Beijiao Airport
连云港花果山国际机场,LYG,ZSLG,4D,民用,连云港市,2021-12-02,34.41406,119.17899,Lianyungang Huaguoshan International Airport
临沂启阳国际机场,LYI,ZSLY,4D,民用,临沂市,1998-12-26,35.052918,118.411828,Linyi Qiyang Airport
林芝米林机场,LZY,ZUNZ,4D,军民合用,林芝市,2006-09-01,29.303301,94.335297,Nyingchi Mainling Airport
绵阳南郊机场,MIG,ZUMY,4D,军民合用,绵阳市,2001-04-28,31.428101,104.740997,Mianyang Nanjiao Airport
白山长白山机场,NBS,ZYBS,4D,民用,长白山管委会,2008-08-03,42.066944,127.602222,Changbaishan Airport
阿里昆莎机场,NGQ,ZUAL,4D,军民合用,噶尔县,2010-07-01,32.09794,80.053971,Ngari Gunsa Airport
南阳姜营机场,NNY,ZHNY,4D,民用,南阳市,1992-12-21,32.982696,112.617467,Nanyang Jiangying Airport
满洲里西郊国际机场,NZH,ZBMZ,4D,民用,满洲里市,2004-12-08,49.566667,117.33,Manzhouli Xijiao Airport
黄山屯溪国际机场,TXN,ZSTX,4D,民用,黄山市,1959-11-11,29.733299,118.255997,Huangshan Tunxi International Airport
榆林榆阳机场,UYN,ZLYL,4D,民用,榆林市,2008-04-10,38.35971,109.590927,Yulin Yuyang Airport
潍坊机场,WEF,ZSWF,4D,军民合用,潍坊市,1996-04-04,36.646702,119.119003,Weifang Nanyuan Airport
威海大水泊国际机场,WEH,ZSWH,4D,军民合用,威海市,1995-10-31,37.187099,122.228996,Weihai Dashuibo Airport
襄阳刘集机场,XFN,ZHXF,4D,民用,襄阳市,1989-12-14,32.152222,112.291666,Xiangyang Liuji Airport
西昌青山机场,XIC,ZUXC,4D,军民合用,西昌市,1975-07-21,27.9891,102.183998,Xichang Qingshan Airport
徐州观音国际机场,XUZ,ZSXZ,4D,民用,徐州市,1997-11-08,34.059056,117.555278,Xuzhou Guanyin International Airport
宜昌三峡国际机场,YIH,ZHYC,4D,民用,宜昌市,1996-12-28,30.554132,111.482563,Yichang Sanxia Airport
义乌机场,YIW,ZSYW,4D,军民合用,义乌市,1991-04-01,29.342095,120.03116,Yiwu Airport
长春龙嘉国际机场,CGQ,ZYCC,4E,民用,长春市,2005-08-27,43.996201,125.684998,Changchun Longjia International Airport
长沙黄花国际机场,CSX,ZGHA,4E,民用,长沙市,1989-08-29,28.189199,113.220001,Changsha Huanghua International Airport
常州奔牛国际机场,CZX,ZSCG,4E,军民合用,常州市,1986-03-15,31.920485,119.77546,Changzhou Benniu International Airport
大连周水子国际机场,DLC,ZYTL,4E,民用,大连市,1973-04-06,38.965719,121.538477,Dalian Zhoushuizi International Airport
鄂尔多斯伊金霍洛国际机场,DSN,ZBDS,4E,民用,鄂尔多斯市,2007-07-26,39.493514,109.8599,Ordos Ejin Horo International Airport
鄂州花湖国际机场,EHU,ZHEC,4E,民用,鄂州市,2022-07-17,30.341178,115.03926,Ezhou Huahu International Airport
海口美兰国际机场,HAK,ZJHK,4E,民用,海口市,1999-05-25,19.9349,110.459,Haikou Meilan International Airport
呼和浩特白塔国际机场,HET,ZBHH,4E,民用,呼和浩特市,1958-10-01,40.849658,111.824598,Hohhot Baita International Airport
合肥新桥国际机场,HFE,ZSOF,4E,民用,合肥市,2013-05-30,31.98779,116.9769,Hefei Xinqiao International Airport
哈尔滨太平国际机场,HRB,ZYHB,4E,民用,哈尔滨市,1979-04-01,45.623402,126.25,Harbin Taiping International Airport
银川河东国际机场,INC,ZLIC,4E,民用,银川市,1997-09-06,38.322758,106.393214,Yinchuan Hedong International Airport
嘉兴南湖机场,JNH,ZSJX,4E,军民合用,嘉兴市,2025-12-26,30.698056,120.663056,Jiaxing Nanhu Airport
喀什徕宁国际机场,KHG,ZWSH,4E,军民合用,喀什市,1953-09-01,39.542273,76.02023,Kashgar Laining International Airport
南昌昌北国际机场,KHN,ZSCN,4E,民用,南昌市,1999-09-10,28.864815,115.90271,Nanchang Changbei International Airport
贵阳龙洞堡国际机场,KWE,ZUGY,4E,民用,贵阳市,1997-05-28,26.541805,106.80402,Guiyang Longdongbao International Airport
桂林两江国际机场,KWL,ZGKL,4E,民用,桂林市,1996-10-01,25.219828,110.039553,Guilin Liangjiang International Airport
兰州中川国际机场,LHW,ZLLL,4E,民用,兰州市,1970-07-26,36.515202,103.620003,Lanzhou Zhongchuan International Airport
拉萨贡嘎国际机场,LXA,ZULS,4E,军民合用,拉萨市,1966-11-23,29.298001,90.911951,Lhasa Gonggar International Airport
宁波栎社国际机场,NGB,ZSNB,4E,民用,宁波市,1990-06-30,29.82670021057129,121.46199798583984,Ningbo Lishe International Airport
南宁吴圩国际机场,NNG,ZGNN,4E,军民合用,南宁市,1962-11-26,22.598071,108.181922,Nanning Wuxu International Airport
南通兴东国际机场,NTG,ZSNT,4E,民用,南通市,1993-08-24,32.073566,120.980076,Nantong Xingdong International Airport
上海虹桥国际机场,SHA,ZSSS,4E,民用,上海市,1964-04-29,31.198104,121.33426,Shanghai Hongqiao International Airport
沈阳桃仙国际机场,SHE,ZYTX,4E,民用,沈阳市,1989-04-16,41.6398,123.483668,Shenyang Taoxian International Airport
石家庄正定国际机场,SJW,ZBSJ,4E,民用,石家庄市,1995-02-18,38.280701,114.696999,Shijiazhuang Zhengding International Airport
揭阳潮汕国际机场,SWA,ZGOW,4E,民用,揭阳市 潮州市 汕头市,2011-12-15,23.552,116.5033,Jieyang Chaoshan International Airport
三亚凤凰国际机场,SYX,ZJSY,4E,民用,三亚市,1994-07-01,18.3029,109.412003,Sanya Phoenix International Airport
吐鲁番交河机场,TLQ,ZWTL,4E,民用,吐鲁番市,2010-07-09,43.0308,89.0987,Turpan Jiaohe Airport
济南遥墙国际机场,TNA,ZSJN,4E,民用,济南市,1992-07-26,36.857201,117.216003,Jinan Yaoqiang International Airport
天津滨海国际机场,TSN,ZBTJ,4E,民用,天津市,1950-08-01,39.124401092499994,117.346000671,Tianjin Binhai International Airport
太原武宿国际机场,TYN,ZBYN,4E,民用,太原市,1971-07-01,37.746899,112.627998,Taiyuan Wusu International Airport
温州龙湾国际机场,WNZ,ZSWZ,4E,民用,温州市,1990-07-04,27.910572,120.853465,Wenzhou Longwan International Airport
无锡硕放机场,WUX,ZSWX,4E,军民合用,无锡市 苏州市,2004-02-18,31.496952,120.43038,Sunan Shuofang International Airport
厦门高崎国际机场,XMN,ZSAM,4E,民用,厦门市,1983-10-22,24.543889,118.127454,Xiamen Gaoqi International Airport
西宁曹家堡国际机场,XNN,ZLXN,4E,民用,西宁市,1991-12-27,36.52775,102.040215,Xining Caojiabao International Airport
运城盐湖国际机场,YCU,ZBYC,4E,民用,运城市,2005-02-07,35.117823,111.034023,Yuncheng Yanhu International Airport
烟台蓬莱国际机场,YNT,ZSYT,4E,民用,烟台市,2015-05-28,37.659724,120.978124,Yantai Penglai International Airport
扬州泰州国际机场,YTY,ZSYA,4E,民用,扬州市 泰州市,2012-05-08,32.5634,119.7198,Yangzhou Taizhou Airport
湛江吴川国际机场,ZHA,ZGZJ,4E,民用,湛江市,2022-03-24,21.481667,110.590278,Zhanjiang Wuchuan International Airport
珠海金湾机场,ZUH,ZGSD,4E,民用,珠海市,1995-05-30,22.006399,113.375999,Zhuhai Jinwan Airport
广州白云国际机场,CAN,ZGGG,4F,民用,广州市,2004-08-05,23.392401,113.299004,Guangzhou Baiyun International Airport
郑州新郑国际机场,CGO,ZHCC,4F,民用,郑州市,1997-08-28,34.526497,113.849165,Zhengzhou Xinzheng International Airport
重庆江北国际机场,CKG,ZUCK,4F,民用,重庆市,1990-01-22,29.712254,106.651895,Chongqing Jiangbei International Airport
福州长乐国际机场,FOC,ZSFZ,4F,民用,福州市,1997-06-23,25.929254,119.672524,Fuzhou Changle International Airport
杭州萧山国际机场,HGH,ZSHC,4F,民用,杭州市,2000-12-28,30.23609,120.428865,Hangzhou Xiaoshan International Airport
昆明长水国际机场,KMG,ZPPP,4F,民用,昆明市,2012-06-28,25.110313,102.936743,Kunming Changshui International Airport
南京禄口国际机场,NKG,ZSNJ,4F,民用,南京市,1997-06-29,31.735032,118.865949,Nanjing Lukou International Airport
北京首都国际机场,PEK,ZBAA,4F,民用,北京市,1958-03-01,40.077349,116.596702,Beijing Capital International Airport
北京大兴国际机场,PKX,ZBAD,4F,民用,北京市,2019-09-25,39.501289,116.413967,Beijing Daxing International Airport
上海浦东国际机场,PVG,ZSPD,4F,民用,上海市,1999-09-16,31.1434,121.805,Shanghai Pudong International Airport
深圳宝安国际机场,SZX,ZGSZ,4F,民用,深圳市,1991-10-12,22.639474,113.803262,Shenzhen Bao'an International Airport
青岛胶东国际机场,TAO,ZSQD,4F,民用,青岛市,2021-08-12,36.361953,120.088171,Qingdao Jiaodong International Airport
成都天府国际机场,TFU,ZUTF,4F,民用,成都市,2021-06-27,30.31252,104.441284,Chengdu Tianfu International Airport
乌鲁木齐天山国际机场,URC,ZWWW,4F,民用,乌鲁木齐市,1950-07-01,43.913584,87.479372,Ürümqi Tianshan International Airport
武汉天河国际机场,WUH,ZHHH,4F,民用,武汉市,1994-12-29,30.774798,114.213723,Wuhan Tianhe International Airport
西安咸阳国际机场,XIY,ZLXY,4F,民用,西安市 咸阳市,1991-09-01,34.442207,108.762385,Xi'an Xianyang International Airport
